                  epoch,         train/box_loss,         train/cls_loss,         train/dfl_loss,   metrics/precision(B),      metrics/recall(B),       metrics/mAP50(B),    metrics/mAP50-95(B),           val/box_loss,           val/cls_loss,           val/dfl_loss,                 lr/pg0,                 lr/pg1,                 lr/pg2
                      1,                 1.3099,                 2.0717,                 1.2819,                0.42664,                0.31404,                0.29514,                0.17575,                 1.1849,                 1.7843,                 1.2223,             0.00032946,             0.00032946,             0.00032946
                      2,                 1.1802,                 1.4846,                 1.1647,                0.23777,                0.37084,                0.26567,                0.18762,                 1.3784,                 3.0844,                 1.3451,             0.00053156,             0.00053156,             0.00053156
                      3,                 1.1858,                 1.3844,                 1.1704,                0.64731,                0.25099,                0.26725,                0.17568,                 1.3418,                 1.6822,                 1.2994,             0.00060166,             0.00060166,             0.00060166
                      4,                  1.137,                 1.2863,                 1.1422,                0.39742,                0.51941,                0.46309,                0.33556,                 1.1277,                 1.3034,                 1.1815,               0.000406,               0.000406,               0.000406
                      5,                 1.0359,                 1.1231,                 1.0916,                 0.4957,                0.58091,                0.52924,                0.39798,                 1.0587,                 1.1791,                 1.1466,               0.000208,               0.000208,               0.000208
